{
  "images" : [
    {
      "filename" : "40.png",
      "idiom" : "watch",
      "scale" : "2x",
      "screen-width" : "<=145"
    },
    {
      "filename" : "40-1.png",
      "idiom" : "watch",
      "scale" : "2x",
      "screen-width" : ">161"
    },
    {
      "filename" : "40-2.png",
      "idiom" : "watch",
      "scale" : "2x",
      "screen-width" : ">145"
    },
    {
      "filename" : "44.png",
      "idiom" : "watch",
      "scale" : "2x",
      "screen-width" : ">183"
    }
  ],
  "info" : {
    "author" : "xcode",
    "version" : 1
  }
}
